code,mean,std
sz.000585,-190.983197,
sz.002070,-16.871296,
sh.600074,-15.22243,
sz.002260,-5.911792,
sh.600871,-3.338215,
sh.600399,-3.116799,
sh.600198,-2.77422,
sz.002604,-2.579734,
sz.300104,-2.549107,
sh.600432,-2.513903,
sz.000504,-2.481632,
sz.002188,-1.935285,
sh.600610,-1.883016,
sz.000927,-1.868406,
sh.600806,-1.840834,
sh.600247,-1.809819,
sz.000422,-1.580127,
sh.600870,-1.388293,
sh.600265,-1.264439,
sh.600289,-1.259237,
sh.600186,-1.204685,
sz.000707,-1.178753,
sh.600857,-1.138361,
sh.600421,-1.131103,
sz.002069,-1.016586,
sh.600401,-0.974792,
sh.600139,-0.838651,
sz.000893,-0.768571,
sz.300028,-0.714266,
sh.600800,-0.673428,
sz.000010,-0.629955,
sz.002200,-0.624499,
sz.300116,-0.615431,
sz.000670,-0.611842,
sh.600397,-0.606767,
sh.600680,-0.601142,
sz.000720,-0.551265,
sh.600778,-0.508338,
sz.000502,-0.487875,
sz.300106,-0.458126,
sz.002072,-0.448371,
sz.002570,-0.44555,
sh.600724,-0.405673,
sh.600726,-0.387326,
sz.300080,-0.377092,
sz.000506,-0.361304,
sh.600193,-0.355983,
sz.300216,-0.349232,
sh.600408,-0.342079,
sh.600896,-0.338866,
sz.002420,-0.336676,
sz.002234,-0.32824,
sh.600744,-0.324644,
sz.300356,-0.321159,
sz.002655,-0.314158,
sh.600234,-0.304034,
sz.002194,-0.295578,
sz.000962,-0.293433,
sz.300125,-0.293172,
sz.000979,-0.293,
sz.300090,-0.292916,
sh.600654,-0.289628,
sh.600396,-0.284342,
sz.002112,-0.281859,
sh.600721,-0.281556,
sz.000409,-0.272881,
sh.600653,-0.272104,
sh.600318,-0.267821,
sz.300071,-0.265766,
sz.002336,-0.264239,
sz.300392,-0.253267,
sz.002198,-0.247609,
sz.000576,-0.244235,
sh.600601,-0.242265,
sz.002289,-0.238327,
sh.600889,-0.231433,
sz.002263,-0.231342,
sz.002458,-0.231283,
sz.002647,-0.22756,
sh.600802,-0.226979,
sz.000939,-0.223006,
sh.600469,-0.21737,
sh.600652,-0.217115,
sz.002175,-0.216905,
sz.002291,-0.211784,
sz.002552,-0.206324,
sz.300022,-0.196247,
sz.300312,-0.195209,
sz.000767,-0.193999,
sz.000868,-0.190855,
sz.300379,-0.190753,
sz.000792,-0.185843,
sh.600313,-0.184117,
sz.002473,-0.182771,
sz.300077,-0.177635,
sz.300142,-0.17231,
sz.300319,-0.171442,
sz.002005,-0.168482,
sh.600150,-0.167068,
sh.600130,-0.166172,
sz.300368,-0.165534,
sz.300025,-0.163088,
sh.600485,-0.162149,
sz.002760,-0.161568,
sz.300220,-0.160268,
sh.600866,-0.159345,
sz.002235,-0.159017,
sh.600749,-0.158337,
sh.600571,-0.157228,
sz.300139,-0.156746,
sh.600355,-0.156326,
sz.000691,-0.154725,
sz.002547,-0.152734,
sz.002423,-0.151654,
sz.300063,-0.149182,
sz.002504,-0.146249,
sz.000572,-0.141535,
sz.000622,-0.140758,
sz.000633,-0.139252,
sh.600202,-0.136862,
sh.600698,-0.135699,
sh.600238,-0.130881,
sh.600156,-0.130541,
sz.000655,-0.128998,
sz.300299,-0.128832,
sz.000911,-0.128783,
sh.600301,-0.128482,
sz.300157,-0.126982,
sz.300264,-0.126648,
sh.600807,-0.124596,
sh.600794,-0.119188,
sz.002432,-0.113965,
sh.600539,-0.113928,
sh.600119,-0.111867,
sz.002296,-0.103577,
sz.300076,-0.102863,
sz.002269,-0.101952,
sz.000897,-0.096313,
sz.300032,-0.095816,
sz.002021,-0.094799,
sz.300134,-0.091717,
sh.600784,-0.090057,
sz.002657,-0.0895,
sh.600385,-0.089361,
sz.000760,-0.0883,
sz.300062,-0.084335,
sz.000816,-0.082692,
sz.002168,-0.079592,
sh.600249,-0.074925,
sh.603616,-0.073237,
sz.000626,-0.071515,
sh.600209,-0.071114,
sz.000862,-0.070357,
sh.600526,-0.068405,
sz.002569,-0.066514,
sz.300345,-0.065365,
sz.000589,-0.064158,
sz.002089,-0.063407,
sz.002347,-0.063122,
sz.002684,-0.063,
sz.002190,-0.062085,
sz.000611,-0.060414,
sz.300399,-0.05885,
sz.300404,-0.058843,
sz.000019,-0.054677,
sh.600203,-0.052644,
sh.600151,-0.052306,
sz.300344,-0.051368,
sz.002170,-0.050669,
sz.002642,-0.050485,
sh.601798,-0.048999,
sz.000692,-0.048724,
sh.600716,-0.045522,
sz.002676,-0.045415,
sz.000875,-0.045385,
sz.300334,-0.045291,
sh.600805,-0.044453,
sz.000917,-0.044261,
sh.600759,-0.042357,
sh.600532,-0.042289,
sz.002613,-0.04024,
sh.600595,-0.040146,
sz.002297,-0.04003,
sh.600579,-0.039769,
sz.002646,-0.039351,
sz.300163,-0.03919,
sz.002494,-0.038643,
sh.600084,-0.037626,
sz.002167,-0.037242,
sz.000966,-0.036175,
sz.002400,-0.03608,
sz.002702,-0.035136,
sh.601118,-0.033393,
sz.300005,-0.031901,
sz.002140,-0.031618,
sz.002264,-0.031361,
sz.000159,-0.031039,
sz.300169,-0.030616,
sz.002316,-0.028832,
sz.002639,-0.026262,
sz.002333,-0.0257,
sz.002780,-0.025145,
sh.600983,-0.02436,
sz.002575,-0.023805,
sz.000610,-0.023549,
sz.000721,-0.016855,
sz.300218,-0.016837,
sh.600792,-0.016523,
sh.600817,-0.015584,
sz.300191,-0.014393,
sz.000819,-0.014314,
sz.002163,-0.012703,
sh.600645,-0.011921,
sz.300189,-0.011469,
sz.002623,-0.010699,
sz.002785,-0.009961,
sz.300167,-0.008149,
sz.002342,-0.007126,
sz.300234,-0.006088,
sh.600302,-0.005157,
sz.002201,-0.003615,
sh.600321,-0.001714,
sz.002161,0.000935,
sh.601808,0.000948,
sz.000727,0.001081,
sh.600712,0.001666,
sz.000592,0.001888,
sz.002290,0.001965,
sh.600267,0.002013,
sh.601218,0.002383,
sh.601008,0.002709,
sz.002629,0.002765,
sz.000882,0.002841,
sh.603169,0.002867,
sz.000061,0.002878,
sz.000554,0.002923,
sz.002113,0.002976,
sz.000020,0.003043,
sh.600311,0.003105,
sz.000801,0.003112,
sz.000616,0.003159,
sz.002199,0.003242,
sh.601968,0.003308,
sz.000586,0.003446,
sh.600222,0.003447,
sh.600812,0.003533,
sz.000899,0.003562,
sh.600199,0.003649,
sh.600882,0.003662,
sz.000619,0.003678,
sh.600215,0.00372,
sz.002204,0.003845,
sh.600050,0.004,
sh.600099,0.004079,
sz.002505,0.004253,
sz.300126,0.004279,
sh.601608,0.004396,
sh.600617,0.004468,
sz.002529,0.004481,
sz.002576,0.004601,
sh.600719,0.004615,
sh.601918,0.004757,
sh.600207,0.004774,
sh.600100,0.004814,
sz.000806,0.00494,
sz.300337,0.005101,
sh.600501,0.00531,
sz.002480,0.005352,
sh.600175,0.00537,
sh.600495,0.0054,
sh.600191,0.005405,
sz.000852,0.005427,
sz.002272,0.005499,
sh.600707,0.005499,
sh.600058,0.005506,
sz.002330,0.005619,
sz.002506,0.005716,
sz.002428,0.005725,
sz.000837,0.005839,
sz.300223,0.00585,
sh.600187,0.005879,
sh.600166,0.005912,
sh.600448,0.005977,
sh.600189,0.006123,
sh.600316,0.006154,
sh.600091,0.006257,
sh.600456,0.006272,
sz.000521,0.006401,
sh.600257,0.006432,
sz.002229,0.006549,
sh.601177,0.006597,
sz.002759,0.006634,
sz.002159,0.006674,
sz.002141,0.00702,
sz.300084,0.0071,
sz.000677,0.007115,
sh.600984,0.007118,
sz.300280,0.007119,
sh.600343,0.0072,
sz.002524,0.007212,
sz.300211,0.007306,
sz.002560,0.007941,
sz.002708,0.007972,
sz.000037,0.008153,
sz.300192,0.008171,
sz.002177,0.008177,
sh.600227,0.00819,
sz.002259,0.008228,
sz.300105,0.008303,
sh.600072,0.00836,
sz.002476,0.008369,
sz.002628,0.008388,
sh.601106,0.008404,
sh.601958,0.00842,
sh.600685,0.008457,
sh.600128,0.008478,
sh.600107,0.008485,
sh.600082,0.008493,
sz.000949,0.008495,
sz.300458,0.008513,
sh.600192,0.008549,
sz.000713,0.008556,
sz.002353,0.008577,
sz.300141,0.008721,
sz.002077,0.008743,
sh.600155,0.008806,
sh.600365,0.008837,
sz.002477,0.008949,
sz.300442,0.00902,
sh.600969,0.009075,
sh.600854,0.009077,
sh.600869,0.00911,
sz.000678,0.009351,
sz.002225,0.009417,
sh.601616,0.009425,
sz.002046,0.009446,
sh.600159,0.009501,
sz.000679,0.009521,
sh.600880,0.009587,
sz.002280,0.009623,
sz.002023,0.00964,
sz.300004,0.009661,
sz.002052,0.009697,
sz.000571,0.009762,
sh.601099,0.009876,
sz.002278,0.009935,
sz.001896,0.010015,
sh.600962,0.010118,
sh.600027,0.010195,
sh.601969,0.010218,
sz.300293,0.010275,
sz.000014,0.010332,
sz.300079,0.010421,
sz.002633,0.010448,
sz.300282,0.010477,
sz.002659,0.010481,
sh.600259,0.010542,
sz.002154,0.010661,
sh.600476,0.010692,
sz.002457,0.010698,
sh.601226,0.01078,
sz.002691,0.010807,
sh.603315,0.010881,
sz.000401,0.011003,
sz.002693,0.011035,
sz.300283,0.011155,
sh.600463,0.011244,
sz.300092,0.011273,
sh.601890,0.011297,
sh.600237,0.01143,
sz.000931,0.011524,
sz.300268,0.011547,
sz.300155,0.011645,
sz.002585,0.011721,
sh.600855,0.01174,
sh.601038,0.011741,
sz.300030,0.01175,
sz.000005,0.011753,
sz.000518,0.011758,
sz.000503,0.011797,
sz.002369,0.011807,
sz.002723,0.011838,
sh.600783,0.011851,
sz.002535,0.011944,
sh.603333,0.011962,
sz.002337,0.011964,
sz.000993,0.012004,
sh.600243,0.012012,
sz.000752,0.012107,
sz.000690,0.012337,
sz.000543,0.012485,
sz.300277,0.012577,
sh.600425,0.012583,
sz.000729,0.012586,
sh.600177,0.012604,
sz.000560,0.012631,
sz.002305,0.012673,
sh.600169,0.012723,
sh.601069,0.012884,
sz.000815,0.012889,
sh.600770,0.012924,
sz.000969,0.012981,
sh.600478,0.013006,
sz.002184,0.013085,
sz.300354,0.013183,
sz.002096,0.013334,
sh.600538,0.013518,
sh.600281,0.013705,
sh.601989,0.013925,
sz.000701,0.013928,
sh.600533,0.013996,
sz.002231,0.014009,
sz.002513,0.014055,
sh.600416,0.014117,
sz.002481,0.01416,
sh.600458,0.014253,
sh.603003,0.014281,
sh.600290,0.014457,
sh.600561,0.014508,
sz.300483,0.014588,
sh.600127,0.014636,
sh.603366,0.014657,
sh.600537,0.014683,
sz.002591,0.014988,
sz.002058,0.015012,
sz.002618,0.015093,
sh.600235,0.015127,
sz.000948,0.015146,
sz.000831,0.015198,
sz.002240,0.015203,
sz.002660,0.01526,
sh.600206,0.015371,
sz.000600,0.015376,
sz.300330,0.015454,
sz.002377,0.015514,
sh.603029,0.015537,
sz.002395,0.015653,
sz.002197,0.015669,
sh.603958,0.015781,
sh.600651,0.015896,
sh.600747,0.015902,
sh.600819,0.015905,
sh.600429,0.015917,
sz.000536,0.015979,
sh.600496,0.016053,
sz.002378,0.016062,
sz.002577,0.016108,
sh.601258,0.016123,
sz.000519,0.016141,
sz.000762,0.016145,
sz.002621,0.016154,
sh.600992,0.016232,
sh.603227,0.016285,
sh.600858,0.016387,
sz.002638,0.01644,
sz.002719,0.016443,
sh.600145,0.016492,
sz.002733,0.016536,
sz.002054,0.016712,
sh.600212,0.016816,
sz.000566,0.016849,
sz.300301,0.016889,
sz.002399,0.01689,
sz.300325,0.016938,
sh.600152,0.016992,
sz.000668,0.017037,
sh.600821,0.01705,
sh.600112,0.017108,
sh.600780,0.017186,
sz.002467,0.017202,
sz.002205,0.017217,
sz.300291,0.017261,
sh.600825,0.01728,
sz.002261,0.017369,
sz.002725,0.017522,
sz.300402,0.017551,
sz.002453,0.017734,
sz.002459,0.017763,
sh.600405,0.017796,
sz.000880,0.017829,
sz.002414,0.01784,
sh.600268,0.01788,
sh.600540,0.017916,
sh.600467,0.017958,
sz.300111,0.01813,
sz.000032,0.018135,
sz.002665,0.018249,
sh.600520,0.018354,
sz.300162,0.018365,
sz.002485,0.018374,
sh.600336,0.018379,
sh.600506,0.018445,
sz.002227,0.018544,
sh.600634,0.018827,
sz.002292,0.018842,
sz.002181,0.018844,
sh.600241,0.018912,
sz.300263,0.018919,
sz.300235,0.01899,
sz.002715,0.019017,
sz.002495,0.019036,
sh.600636,0.019118,
sh.601857,0.019129,
sz.002674,0.019199,
sz.300147,0.019228,
sz.300471,0.019301,
sz.300205,0.019352,
sz.300085,0.019414,
sz.000632,0.01951,
sz.002488,0.019522,
sz.000680,0.019525,
sh.603021,0.019564,
sh.600184,0.019644,
sh.600320,0.019875,
sz.002625,0.019895,
sh.600117,0.019907,
sz.300256,0.019921,
sz.002610,0.019984,
sz.002302,0.019989,
sh.600587,0.02001,
sz.002073,0.020082,
sh.600063,0.020137,
sz.002387,0.020142,
sz.002132,0.020229,
sz.300093,0.020253,
sz.000570,0.020317,
sz.300466,0.020323,
sz.300269,0.02034,
sz.300313,0.020362,
sh.600714,0.020522,
sh.600375,0.020529,
sz.002490,0.020625,
sz.002329,0.020683,
sh.600108,0.020813,
sh.600433,0.020847,
sz.002011,0.020861,
sz.000573,0.020991,
sh.600666,0.021116,
sh.600583,0.021224,
sz.002274,0.021237,
sz.002755,0.021324,
sz.002031,0.021397,
sh.603308,0.021546,
sh.600232,0.021574,
sh.600543,0.021658,
sz.000558,0.021737,
sz.000593,0.021749,
sz.002178,0.021764,
sz.002288,0.021803,
sh.600489,0.021811,
sz.000557,0.021859,
sh.600573,0.021912,
sz.002319,0.021928,
sz.000523,0.022029,
sz.002703,0.022154,
sz.000929,0.022205,
sz.300333,0.022209,
sz.002417,0.022218,
sh.601212,0.022275,
sz.000045,0.022282,
sh.600292,0.022296,
sz.002409,0.022452,
sz.002226,0.022565,
sz.000759,0.022648,
sh.600435,0.022703,
sh.601168,0.022734,
sh.600011,0.022835,
sz.000850,0.022864,
sh.600288,0.022922,
sh.600847,0.02305,
sh.600178,0.023055,
sz.002474,0.023172,
sz.000606,0.023194,
sz.002095,0.023247,
sz.002162,0.023477,
sz.300002,0.023488,
sh.603118,0.023505,
sh.603789,0.023541,
sz.002251,0.023633,
sz.300290,0.023647,
sz.002848,0.023765,
sh.600973,0.023807,
sh.600190,0.02401,
sz.002487,0.024114,
sz.002489,0.024138,
sz.000533,0.024145,
sz.300534,0.024171,
sz.000812,0.024182,
sh.600620,0.024242,
sz.002151,0.024264,
sh.600862,0.024272,
sz.002579,0.024309,
sz.300405,0.024329,
sh.601777,0.024496,
sz.002689,0.024611,
sz.002156,0.024829,
sh.600578,0.024863,
sh.600730,0.024964,
sh.603011,0.024978,
sz.002386,0.024989,
sz.002321,0.025008,
sh.600157,0.025098,
sh.600558,0.025175,
sh.600428,0.025178,
sz.300096,0.025187,
sz.300491,0.025349,
sz.000982,0.025394,
sz.300110,0.025446,
sz.002015,0.025491,
sz.002012,0.025523,
sz.002671,0.025741,
sh.600353,0.025744,
sz.000958,0.026025,
sz.002211,0.026041,
sz.002578,0.026157,
sz.002165,0.026256,
sz.300332,0.026471,
sh.600864,0.02651,
sz.002580,0.026523,
sh.600851,0.026561,
sz.300254,0.026622,
sh.600391,0.02664,
sz.300150,0.026669,
sz.300318,0.026853,
sh.600810,0.026891,
sh.600069,0.026916,
sz.002265,0.026943,
sz.002669,0.026977,
sh.600310,0.026986,
sh.603335,0.027019,
sz.300489,0.02712,
sz.300152,0.027174,
sz.300582,0.027224,
sz.000514,0.027246,
sz.300048,0.027286,
sz.002364,0.027288,
sz.000750,0.027316,
sh.600616,0.027407,
sz.002363,0.027431,
sh.600560,0.027463,
sz.300086,0.027494,
sz.000595,0.027582,
sh.601898,0.027604,
sh.601717,0.027766,
sz.002122,0.02777,
sh.600890,0.027788,
sh.600599,0.027909,
sz.300023,0.027911,
sh.600839,0.02795,
sh.601880,0.027951,
sz.002213,0.02798,
sz.002574,0.028123,
sz.000009,0.028125,
sz.002307,0.028165,
sz.300346,0.028181,
sh.600354,0.028261,
sz.002193,0.028276,
sh.600275,0.028381,
sh.600773,0.028405,
sh.600774,0.028444,
sz.002243,0.028457,
sh.600865,0.028464,
sh.603300,0.028465,
sz.300164,0.028494,
sz.002207,0.028535,
sz.300247,0.028549,
sz.002374,0.028565,
sh.600568,0.028586,
sh.600095,0.028624,
sz.300551,0.028723,
sz.002266,0.028742,
sz.000793,0.028796,
sz.300228,0.028929,
sh.600462,0.028989,
sz.000407,0.029032,
sz.300161,0.029061,
sz.000909,0.029222,
sz.300128,0.029229,
sz.000695,0.029292,
sh.600361,0.029431,
sz.300074,0.029485,
sz.000782,0.029549,
sz.000788,0.029554,
sz.300464,0.029669,
sh.600333,0.029776,
sz.300364,0.029809,
sz.000833,0.029824,
sz.002486,0.029824,
sz.300153,0.029856,
sz.002397,0.029946,
sz.300540,0.030071,
sh.600898,0.030076,
sz.002284,0.030299,
sz.002355,0.030299,
sz.000768,0.030336,
sh.600006,0.030395,
sz.300257,0.030505,
sh.600512,0.030578,
sz.002214,0.030587,
sh.600691,0.030873,
sz.300239,0.030949,
sz.002667,0.031001,
sh.600662,0.031007,
sz.000416,0.031048,
sz.002149,0.031096,
sz.300315,0.031149,
sh.600677,0.031176,
sh.600699,0.031179,
sz.000420,0.031193,
sz.002816,0.031218,
sh.600418,0.031224,
sh.600875,0.031331,
sh.600647,0.031423,
sz.000099,0.031449,
sh.600791,0.031456,
sz.300148,0.031472,
sz.002835,0.031529,
sz.300135,0.031557,
sz.000539,0.031575,
sh.600078,0.031683,
sz.300011,0.03172,
sz.300350,0.031723,
sz.000635,0.031736,
sh.600509,0.031763,
sh.603800,0.031766,
sz.300380,0.031848,
sz.000663,0.031928,
sz.002663,0.032083,
sz.002379,0.032126,
sh.600775,0.032132,
sh.601011,0.032193,
sz.002461,0.0323,
sz.000722,0.032353,
sz.300260,0.032359,
sz.300202,0.03236,
sz.000630,0.032361,
sz.002209,0.032369,
sh.603000,0.032401,
sh.600218,0.032419,
sz.300359,0.032455,
sh.600103,0.032464,
sz.002276,0.032648,
sz.002286,0.032773,
sz.300303,0.032804,
sz.002135,0.032842,
sz.000628,0.032866,
sh.600552,0.032883,
sz.300056,0.032898,
sz.002134,0.03295,
sz.002500,0.033003,
sz.300465,0.033035,
sz.000809,0.033102,
sz.002582,0.033121,
sz.002520,0.033282,
sz.300006,0.033491,
sz.300123,0.033591,
sh.601113,0.033693,
sz.300520,0.033695,
sz.002571,0.03372,
sz.300181,0.033732,
sz.300057,0.033814,
sz.002566,0.033901,
sh.600300,0.034017,
sh.600362,0.034083,
sh.600527,0.034084,
sz.000056,0.034112,
sh.600339,0.034113,
sz.002115,0.03412,
sz.002539,0.034181,
sh.600841,0.034182,
sz.300064,0.034213,
sh.600644,0.034338,
sz.000913,0.034436,
sz.300472,0.03446,
sz.300460,0.034562,
sz.002413,0.034669,
sz.000702,0.034694,
sz.000404,0.034719,
sz.300069,0.034732,
sh.600455,0.034757,
sz.002483,0.0348,
sh.600369,0.034847,
sz.000027,0.034894,
sz.000777,0.034911,
sz.002253,0.035009,
sz.300562,0.035042,
sh.600370,0.035094,
sz.002761,0.035101,
sz.300456,0.035131,
sz.000925,0.035176,
sh.600586,0.035214,
sh.600017,0.035243,
sh.603028,0.035255,
sz.000810,0.035273,
sz.002255,0.035427,
sz.000978,0.035485,
sh.600216,0.035486,
sh.601600,0.035533,
sh.600135,0.035599,
sh.600834,0.035651,
sz.300411,0.035715,
sh.600493,0.035787,
sh.601333,0.035791,
sh.600555,0.035791,
sz.000157,0.035808,
sz.002526,0.035845,
sz.000800,0.035906,
sh.600536,0.035915,
sz.300206,0.035923,
sz.300101,0.03593,
sz.000528,0.035968,
sz.002743,0.035972,
sh.600158,0.036094,
sz.000886,0.036121,
sh.600861,0.036152,
sh.600860,0.03618,
sz.002545,0.03621,
sh.600262,0.03621,
sh.600888,0.036244,
sz.000043,0.036457,
sz.300362,0.036837,
sh.600836,0.036845,
sz.002216,0.036854,
sz.000428,0.036865,
sh.600975,0.037008,
sh.600470,0.037094,
sz.002813,0.037129,
sh.600468,0.037144,
sz.300010,0.037352,
sz.002593,0.037429,
sh.600592,0.037472,
sh.603036,0.037485,
sz.300281,0.037566,
sz.002037,0.037646,
sh.600623,0.037676,
sz.000613,0.037765,
sz.002066,0.037765,
sh.600876,0.038004,
sz.002779,0.038048,
sz.000612,0.038053,
sz.300516,0.038166,
sz.002106,0.038171,
sh.603843,0.038192,
sh.600722,0.038318,
sz.300278,0.038332,
sz.002393,0.038333,
sz.000682,0.038339,
sz.300058,0.03835,
sh.601555,0.038401,
sz.002315,0.038401,
sh.600624,0.038446,
sh.600777,0.038536,
sz.002325,0.038631,
sz.002371,0.038652,
sz.300200,0.038711,
sh.601005,0.038729,
sz.002607,0.038932,
sz.002328,0.038948,
sz.300224,0.038961,
sh.600982,0.038962,
sh.600811,0.038971,
sz.000839,0.039082,
sz.300390,0.03914,
sz.002173,0.039166,
sz.300273,0.039173,
sz.000758,0.039381,
sh.600505,0.039392,
sh.600776,0.039403,
sz.300300,0.039403,
sh.601872,0.039405,
sz.002465,0.039558,
sh.600575,0.039563,
sz.000697,0.039595,
sz.002389,0.03967,
sh.601369,0.039708,
sz.000753,0.03982,
sz.002189,0.039872,
sh.601901,0.039885,
sz.002282,0.039923,
sz.300419,0.039932,
sh.600604,0.040015,
sh.601028,0.040091,
sz.000709,0.040091,
sz.000877,0.040096,
sz.002546,0.040256,
sz.300173,0.040355,
sz.002250,0.040432,
sz.000599,0.040522,
sz.000878,0.040553,
sz.002446,0.040575,
sz.002298,0.040711,
sz.002017,0.040736,
sz.300095,0.040851,
sh.600283,0.040872,
sz.300177,0.040881,
sh.600733,0.040921,
sz.002114,0.040937,
sz.300089,0.041044,
sz.002548,0.041172,
sh.603606,0.041231,
sz.000551,0.041268,
sz.000905,0.041272,
sz.002554,0.041416,
sz.002010,0.041609,
sz.000863,0.041616,
sz.000936,0.041623,
sz.300171,0.041644,
sz.300130,0.041654,
sh.600556,0.041675,
sz.002309,0.041685,
sz.002522,0.041687,
sh.600883,0.041719,
sh.600701,0.041721,
sz.000859,0.041726,
sh.600059,0.041748,
sz.002344,0.041784,
sh.603819,0.041833,
sz.300321,0.04185,
sz.300381,0.041907,
sh.600830,0.041922,
sz.300352,0.04198,
sz.300151,0.042108,
sh.601991,0.042164,
sz.000657,0.042192,
sz.300479,0.042242,
sz.002510,0.042278,
sz.300185,0.04241,
sz.002438,0.042459,
sz.002740,0.042482,
sz.002086,0.042531,
sh.601375,0.042597,
sh.600077,0.042628,
sz.000686,0.042674,
sh.600010,0.042689,
sh.603022,0.042704,
sh.600331,0.042709,
sz.002478,0.042731,
sh.600330,0.042774,
sz.000972,0.042807,
sz.002616,0.042944,
sh.600795,0.042954,
sz.002111,0.043099,
sh.601208,0.043151,
sz.000738,0.043241,
sz.300190,0.043389,
sh.600287,0.043393,
sz.000007,0.043448,
sz.000971,0.043467,
sz.002009,0.043607,
sh.600277,0.04364,
sz.300210,0.043644,
sz.000961,0.043655,
sz.002339,0.043656,
sz.002799,0.043696,
sz.300276,0.043723,
sz.000735,0.043748,
sz.002125,0.043771,
sz.300328,0.04384,
sz.002348,0.043856,
sz.300034,0.043869,
sh.600098,0.043871,
sz.002528,0.043886,
sz.300413,0.043976,
sz.300198,0.044001,
sh.600740,0.04405,
sh.600725,0.04406,
sh.603322,0.044112,
sz.300117,0.044165,
sh.600251,0.044213,
sh.600255,0.044373,
sh.600589,0.044399,
sz.002514,0.044542,
sz.300265,0.044588,
sh.600307,0.044916,
sz.002040,0.044976,
sz.000563,0.044987,
sz.300238,0.04502,
sz.002442,0.045074,
sh.603999,0.045164,
sz.002471,0.045231,
sz.300217,0.045247,
sz.002452,0.045391,
sh.600765,0.045402,
sz.300050,0.045407,
sz.000590,0.045419,
sh.600200,0.045433,
sz.002137,0.04556,
sz.002169,0.045595,
sh.603727,0.045609,
sh.600360,0.04574,
sz.300020,0.045793,
sz.000705,0.045888,
sh.601700,0.045894,
sz.000425,0.045895,
sh.600481,0.045905,
sh.603703,0.045955,
sh.600165,0.046072,
sh.601718,0.0461,
sh.600223,0.046234,
sz.000791,0.046289,
sh.603117,0.046309,
sz.300059,0.046315,
sh.600893,0.046372,
sz.000700,0.046429,
sz.000901,0.046519,
sh.600148,0.046606,
sh.600482,0.046643,
sh.603189,0.046665,
sz.002685,0.046673,
sz.300279,0.04669,
sz.300120,0.046702,
sz.300250,0.046819,
sh.600111,0.046824,
sz.300538,0.046882,
sh.601179,0.046893,
sh.600689,0.046905,
sh.600605,0.046989,
sz.002059,0.047043,
sz.000531,0.04705,
sz.002521,0.047062,
sz.002583,0.047066,
sz.002249,0.047208,
sh.600410,0.047209,
sz.002565,0.047245,
sz.300195,0.047464,
sz.002670,0.047519,
sh.603618,0.047543,
sh.600278,0.047855,
sz.002123,0.047875,
sh.600356,0.047942,
sh.603069,0.048016,
sz.002097,0.048052,
sz.002192,0.048129,
sh.603077,0.048268,
sz.002469,0.048347,
sh.600101,0.048353,
sz.002797,0.048408,
sz.002527,0.048464,
sz.000040,0.048472,
sz.300049,0.048479,
sh.603123,0.048543,
sz.000564,0.048544,
sz.000973,0.048546,
sz.300305,0.048555,
sz.002318,0.048561,
sz.300175,0.048679,
sz.002375,0.048797,
sh.600766,0.048835,
sh.600080,0.048842,
sz.000836,0.048848,
sz.300035,0.048862,
sz.002746,0.048878,
sh.600584,0.048911,
sz.002219,0.049026,
sz.000673,0.049087,
sz.002390,0.04926,
sh.600137,0.049334,
sh.600576,0.049357,
sh.600863,0.04937,
sh.603538,0.049466,
sz.002220,0.049468,
sz.002605,0.049534,
sh.600818,0.049583,
sh.603729,0.049665,
sz.002254,0.049712,
sz.300103,0.04978,
sz.002338,0.049815,
sh.600359,0.049881,
sz.000987,0.049937,
sh.600219,0.050027,
sh.600488,0.050039,
sz.000733,0.050051,
sz.300261,0.050083,
sz.300329,0.050123,
sz.000597,0.050123,
sz.002673,0.050161,
sz.002232,0.050295,
sh.603988,0.050385,
sh.600317,0.050446,
sz.300552,0.050492,
sz.002778,0.050532,
sz.002722,0.050608,
sz.300414,0.050649,
sz.000795,0.050817,
sz.000068,0.0509,
sz.002692,0.050902,
sh.600827,0.050973,
sh.600322,0.051062,
sz.002313,0.051094,
sz.300378,0.051131,
sz.300449,0.051154,
sh.600868,0.051331,
sz.000716,0.051356,
sh.603033,0.051427,
sz.002519,0.051502,
sz.000856,0.051756,
sz.002855,0.051827,
sz.002299,0.051842,
sz.000990,0.051854,
sz.000547,0.052125,
sz.000698,0.052167,
sh.600136,0.052179,
sz.000728,0.052206,
sz.000608,0.052252,
sz.002584,0.052264,
sz.300245,0.05227,
sz.002129,0.052312,
sz.002341,0.052453,
sh.600879,0.052463,
sz.000507,0.052472,
sh.603508,0.052515,
sz.002796,0.052549,
sz.002030,0.05256,
sh.600246,0.052595,
sz.000712,0.052692,
sz.002160,0.052756,
sz.002392,0.052796,
sz.000996,0.052797,
sh.601727,0.052859,
sz.002721,0.052908,
sh.603559,0.052921,
sh.600731,0.052923,
sz.300515,0.052966,
sz.300066,0.053035,
sz.300209,0.053048,
sh.600963,0.053057,
sz.002004,0.053078,
sh.600717,0.053094,
sz.002661,0.053106,
sz.002819,0.053192,
sz.002295,0.053245,
sz.002541,0.053257,
sh.600239,0.05328,
sz.002750,0.053434,
sz.000903,0.053469,
sz.000919,0.053503,
sh.600141,0.05358,
sz.300112,0.053605,
sh.603777,0.053617,
sh.600096,0.053651,
sh.600798,0.053691,
sh.600613,0.053751,
sz.300225,0.053829,
sh.603090,0.053852,
sz.002426,0.053885,
sz.002076,0.053904,
sh.600909,0.053906,
sz.300143,0.053942,
sz.300055,0.054184,
sh.600960,0.054212,
sz.002731,0.054265,
sz.002380,0.054341,
sz.300119,0.054415,
sz.002362,0.054486,
sh.600664,0.054613,
sh.603979,0.054667,
sz.002026,0.054724,
sh.600785,0.054754,
sz.300012,0.054757,
sz.300459,0.054787,
sz.002533,0.054807,
sz.000636,0.054825,
sz.300040,0.054858,
sz.002666,0.054872,
sz.002196,0.055051,
sz.002492,0.055067,
sz.000153,0.055071,
sh.600008,0.055093,
sz.300154,0.055133,
sz.002498,0.055157,
sh.600891,0.055159,
sz.002699,0.05519,
sh.603828,0.0552,
sh.603005,0.055208,
sh.603016,0.055222,
sz.000550,0.055316,
sz.002729,0.055377,
sh.603001,0.055405,
sz.002752,0.05541,
sz.002683,0.055456,
sz.300081,0.055523,
sz.002769,0.055734,
sz.002093,0.055764,
sh.603009,0.055771,
sh.601117,0.0558,
sz.000516,0.055829,
sz.300431,0.055867,
sz.300158,0.055905,
sh.603577,0.055919,
sz.002644,0.055925,
sh.600143,0.055981,
sh.600895,0.0561,
sz.002248,0.056166,
sz.000937,0.056213,
sz.002405,0.056248,
sz.002131,0.056283,
sh.603456,0.056389,
sz.002060,0.056415,
sz.000851,0.056675,
sh.600936,0.056784,
sz.002631,0.056874,
sz.300236,0.056879,
sz.300486,0.05691,
sh.603558,0.056997,
sz.002654,0.057044,
sz.002144,0.057062,
sz.000050,0.05718,
sz.002808,0.057229,
sz.300289,0.057267,
sz.002441,0.057313,
sz.002102,0.057321,
sz.300556,0.057335,
sz.300467,0.057506,
sh.601500,0.057511,
sz.300517,0.05758,
sz.000561,0.057593,
sh.600256,0.057593,
sz.002499,0.057597,
sh.600386,0.057694,
sz.000026,0.057949,
sz.000584,0.057963,
sz.002772,0.057979,
sz.300412,0.058024,
sh.603696,0.058143,
sz.300569,0.058169,
sh.600894,0.058175,
sz.002028,0.058213,
sh.601929,0.058221,
sz.002024,0.058237,
sh.603012,0.058265,
sh.603779,0.058441,
sz.002268,0.058447,
sz.000665,0.058508,
sh.600221,0.058514,
sz.300252,0.05852,
sh.603859,0.058573,
sz.300423,0.058628,
sz.002792,0.058766,
sz.002230,0.058823,
sz.002218,0.058932,
sz.000417,0.058935,
sh.600756,0.058945,
sz.300397,0.058957,
sz.300518,0.058961,
sh.600500,0.058969,
sz.300140,0.058989,
sz.000778,0.059044,
sh.600679,0.059065,
sz.300353,0.059103,
sz.300052,0.059118,
sz.002549,0.059132,
sz.300008,0.059146,
sz.300541,0.059356,
sz.002463,0.059393,
sz.000783,0.059399,
sz.002029,0.059452,
sh.600508,0.059463,
sz.000669,0.059481,
sh.601992,0.059492,
sh.600959,0.059524,
sh.600903,0.05953,
sz.002523,0.05961,
sh.600822,0.059624,
sz.300528,0.059641,
sz.002559,0.059658,
sh.600702,0.059706,
sz.300331,0.059724,
sz.002622,0.059735,
sh.600037,0.05977,
sz.300366,0.059881,
sz.002512,0.059904,
sh.600025,0.059909,
sh.600789,0.059916,
sh.600881,0.059931,
sz.300307,0.059942,
sh.600055,0.060011,
sz.002786,0.060018,
sz.300099,0.060092,
sz.300053,0.060098,
sh.600220,0.060116,
sz.000530,0.060249,
sz.002530,0.060384,
sz.000158,0.060455,
sz.300420,0.060475,
sz.000544,0.060524,
sz.000089,0.060538,
sh.600833,0.060551,
sz.000430,0.060607,
sz.000766,0.060651,
sz.002041,0.060693,
sh.600515,0.060699,
sz.002630,0.060764,
sz.300436,0.060784,
sz.002776,0.060797,
sz.002433,0.060799,
sz.002350,0.060836,
sh.601908,0.060879,
sz.002675,0.06089,
sh.601015,0.060924,
sz.000421,0.060984,
sh.601163,0.061012,
sz.002277,0.061022,
sh.601126,0.061047,
sz.002556,0.061078,
sz.002537,0.061091,
sz.000731,0.061145,
sh.600831,0.061191,
sh.601016,0.061218,
sh.600551,0.061223,
sh.601579,0.061369,
sh.600503,0.061381,
sz.000534,0.061469,
sh.603555,0.061507,
sz.300314,0.061608,
sh.603838,0.061646,
sh.601002,0.061647,
sz.300243,0.061765,
sz.300398,0.062029,
sh.600358,0.062084,
sz.002747,0.062242,
sz.002431,0.062291,
sz.002359,0.062344,
sz.002246,0.062357,
sh.603998,0.062391,
sz.002484,0.062394,
sz.002331,0.062429,
sz.300542,0.062491,
sz.300374,0.062512,
sz.002130,0.062569,
sz.000156,0.062614,
sh.600751,0.062685,
sz.300672,0.062697,
sz.002212,0.062718,
sh.603330,0.062729,
sz.000823,0.062787,
sh.601058,0.062839,
sz.300042,0.062899,
sh.600459,0.062953,
sh.601788,0.062993,
sz.000955,0.063073,
sh.601228,0.06315,
sh.600997,0.063269,
sh.603032,0.063356,
sz.002678,0.063357,
sz.000860,0.063378,
sz.300078,0.063535,
sz.000933,0.063583,
sz.300068,0.063656,
sz.300369,0.063684,
sz.300421,0.063715,
sz.300490,0.063748,
sz.000555,0.063771,
sh.600026,0.063844,
sz.002109,0.063921,
sz.300041,0.063946,
sz.002662,0.06403,
sh.600490,0.064084,
sz.002592,0.064181,
sz.002103,0.064188,
sz.300385,0.06421,
sh.600510,0.064282,
sz.002730,0.064321,
sz.000938,0.064366,
sz.300425,0.064375,
sh.600125,0.06438,
sh.603878,0.064388,
sz.000096,0.064445,
sz.300214,0.064508,
sz.300533,0.064567,
sh.600655,0.064668,
sz.000419,0.064692,
sh.600038,0.064695,
sz.002422,0.064716,
sz.002435,0.064743,
sh.603031,0.064761,
sz.002825,0.064791,
sh.603166,0.064806,
sz.000301,0.064823,
sz.300215,0.064861,
sz.300047,0.064891,
sh.601881,0.064991,
sh.600582,0.065012,
sz.002620,0.065013,
sz.000797,0.065211,
sh.601107,0.065282,
sz.002150,0.065282,
sz.300193,0.065404,
sz.002538,0.065406,
sh.603088,0.065411,
sz.300046,0.06549,
sz.002084,0.065543,
sz.002308,0.065564,
sz.300461,0.065578,
sz.300213,0.065588,
sz.000413,0.065627,
sz.002656,0.065752,
sh.601996,0.065839,
sz.002361,0.065844,
sz.002133,0.065865,
sz.300165,0.065983,
sz.300351,0.066023,
sh.600635,0.066036,
sh.600109,0.066133,
sz.002588,0.066135,
sz.300496,0.066262,
sz.000532,0.066264,
sz.002351,0.066287,
sh.600796,0.066299,
sh.600460,0.066304,
sz.002651,0.066345,
sz.300067,0.066433,
sz.300180,0.066505,
sh.603628,0.06656,
sz.002187,0.066595,
sz.000088,0.066597,
sh.600939,0.066615,
sz.300513,0.066626,
sz.002798,0.066632,
sz.300317,0.066678,
sz.000638,0.066719,
sz.300550,0.066827,
sh.600590,0.066841,
sh.603683,0.06685,
sh.600824,0.066888,
sh.601339,0.066987,
sz.000970,0.067028,
sh.601116,0.06714,
sz.002383,0.067163,
sh.600695,0.067215,
sh.600382,0.067218,
sh.600182,0.0673,
sz.300306,0.067342,
sz.300492,0.06736,
sz.300159,0.067442,
sz.002767,0.067444,
sh.600588,0.067448,
sh.600248,0.067449,
sz.000802,0.067458,
sh.600696,0.067481,
sz.000029,0.067611,
sz.300680,0.067625,
sz.300499,0.067698,
sh.603936,0.067796,
sh.600172,0.067808,
sz.300240,0.067842,
sz.300407,0.067886,
sz.300480,0.06791,
sh.600517,0.067914,
sz.002381,0.067947,
sz.000908,0.067951,
sz.000715,0.06798,
sz.000403,0.068024,
sh.600706,0.068059,
sz.002155,0.068068,
sh.600269,0.068172,
sz.002606,0.068206,
sz.300302,0.06825,
sz.002256,0.068313,
sz.002805,0.068383,
sh.600754,0.068392,
sh.600642,0.068442,
sz.000038,0.068444,
sh.603222,0.068473,
sz.300018,0.068473,
sz.000004,0.068476,
sh.601886,0.068726,
sz.300339,0.06874,
sz.000807,0.068774,
sz.000591,0.068788,
sh.600619,0.068828,
sh.600284,0.068843,
sz.300100,0.068941,
sh.600295,0.068969,
sz.300045,0.069027,
sh.600734,0.069041,
sz.002099,0.069067,
sz.002698,0.069072,
sz.002252,0.069161,
sh.603767,0.069167,
sz.300262,0.069357,
sz.002436,0.069493,
sz.300553,0.069513,
sh.600603,0.069582,
sz.002782,0.069606,
sz.300129,0.069751,
sh.600967,0.069756,
sh.601198,0.069757,
sz.300270,0.069794,
sh.603083,0.069796,
sz.300383,0.069811,
sh.600727,0.069843,
sh.603015,0.069852,
sz.002079,0.06987,
sh.600168,0.06988,
sh.603918,0.069922,
sz.300194,0.070031,
sz.002082,0.070045,
sz.300021,0.070077,
sh.601377,0.070173,
sz.002696,0.070223,
sz.002053,0.070248,
sh.600060,0.070261,
sh.600403,0.070388,
sz.002542,0.070423,
sz.300019,0.070487,
sh.603389,0.07052,
sh.600312,0.070541,
sz.002164,0.070765,
sh.601010,0.070766,
sh.600242,0.07077,
sz.000861,0.070794,
sz.300308,0.07081,
sh.603977,0.070841,
sz.002810,0.070906,
sh.600146,0.070908,
sz.300051,0.070977,
sh.600028,0.071024,
sz.002416,0.071118,
sz.002634,0.071152,
sz.000957,0.071216,
sh.600547,0.071438,
sz.002817,0.071578,
sh.603901,0.071581,
sz.300287,0.07165,
sz.300537,0.071699,
sz.002688,0.071735,
sz.002388,0.071755,
sh.603269,0.071778,
sz.002586,0.07194,
sz.002425,0.071949,
sz.000025,0.071949,
sz.002590,0.071959,
sh.603633,0.071965,
sz.300663,0.072103,
sh.600728,0.072148,
sh.601007,0.072215,
sz.002013,0.072243,
sz.000935,0.072261,
sz.002910,0.07241,
sz.002267,0.072465,
sz.002176,0.072486,
sh.600122,0.072493,
sh.600023,0.072815,
sz.300226,0.07282,
sz.002239,0.07284,
sh.600131,0.072859,
sz.002612,0.072967,
sz.300555,0.072981,
sz.002445,0.073008,
sh.600266,0.073028,
sz.002679,0.073046,
sz.300149,0.07311,
sh.600630,0.073242,
sh.600315,0.073266,
sh.600640,0.07329,
sz.000511,0.073325,
sz.002697,0.073325,
sz.300597,0.073345,
sh.601619,0.073366,
sz.000605,0.073381,
sz.300026,0.073403,
sh.603133,0.073405,
sh.603969,0.073421,
sz.300109,0.073445,
sz.300573,0.073623,
sh.600848,0.073624,
sh.603085,0.073649,
sz.002641,0.073658,
sh.600351,0.073699,
sh.603002,0.073784,
sh.603309,0.073802,
sh.603318,0.073889,
sh.600715,0.074153,
sz.002758,0.074188,
sz.000150,0.074214,
sz.000881,0.074313,
sh.600086,0.074415,
sz.300384,0.074505,
sh.600379,0.074541,
sz.300475,0.074625,
sh.603869,0.074704,
sz.001696,0.074741,
sh.603528,0.074759,
sh.600650,0.074816,
sz.002687,0.074864,
sh.603566,0.074882,
sz.300453,0.07491,
sh.600739,0.074917,
sz.000960,0.074998,
sz.002791,0.075023,
sz.300424,0.075051,
sz.002065,0.075102,
sz.002515,0.075107,
sz.300024,0.07521,
sh.603797,0.075218,
sh.600070,0.075255,
sz.002637,0.075298,
sh.603822,0.075336,
sh.601018,0.07544,
sh.600600,0.075496,
sz.002429,0.075544,
sz.002627,0.075578,
sz.300557,0.075628,
sh.600837,0.075638,
sz.002550,0.075658,
sz.002210,0.075703,
sh.600602,0.075723,
sz.300082,0.075841,
sz.300469,0.075976,
sh.600958,0.076039,
sz.002632,0.07604,
sz.300131,0.076083,
sz.002437,0.076115,
sz.002472,0.076142,
sz.000977,0.076195,
sz.002735,0.07628,
sz.002391,0.076288,
sz.000023,0.076296,
sh.601677,0.076386,
sh.600378,0.076403,
sz.002300,0.076407,
sz.002301,0.076431,
sz.300521,0.076435,
sh.600648,0.076445,
sz.002326,0.076457,
sh.603099,0.076473,
sz.300212,0.076538,
sz.002594,0.076538,
sh.603128,0.076562,
sh.600033,0.07658,
sz.300094,0.076597,
sz.002645,0.07675,
sz.002320,0.076757,
sz.002895,0.076816,
sh.600626,0.076832,
sh.600449,0.07703,
sz.000988,0.07723,
sh.603020,0.077358,
sh.601326,0.077528,
sz.300324,0.077575,
sz.300386,0.077638,
sz.300593,0.077658,
sz.300272,0.077738,
sz.002470,0.077898,
sh.600838,0.077932,
sh.600088,0.078021,
sh.600129,0.078122,
sh.603268,0.078159,
sh.600030,0.078178,
sz.300310,0.078182,
sz.002208,0.078428,
sh.600446,0.078619,
sh.601222,0.078663,
sz.002806,0.078671,
sh.600272,0.078694,
sz.000923,0.078813,
sz.002770,0.07884,
sh.600790,0.078862,
sz.002228,0.078909,
sz.000757,0.078964,
sh.600826,0.078991,
sz.002443,0.079048,
sh.600387,0.079101,
sz.002349,0.079143,
sh.603861,0.079172,
sz.300377,0.079182,
sz.002596,0.079198,
sh.601618,0.079208,
sz.300462,0.079301,
sh.600106,0.079304,
sz.300434,0.07931,
sh.600814,0.079397,
sz.300179,0.079422,
sz.002650,0.079444,
sz.300370,0.079459,
sz.002324,0.079565,
sh.603698,0.079586,
sz.300478,0.07972,
sh.600985,0.079721,
sz.002540,0.079793,
sh.600980,0.079976,
sz.000565,0.080001,
sz.000627,0.080037,
sz.002403,0.080065,
sz.000711,0.080228,
sz.300565,0.080271,
sz.002828,0.080315,
sz.300535,0.080375,
sh.603637,0.080548,
sh.600021,0.080563,
sz.000922,0.080667,
sh.601999,0.080702,
sz.300275,0.080718,
sz.000906,0.080729,
sz.300102,0.080795,
sz.300363,0.080818,
sz.300358,0.080874,
sz.002822,0.080982,
sh.600057,0.08101,
sz.300583,0.081067,
sh.600061,0.081116,
sh.600614,0.081235,
sz.000039,0.081275,
sz.002789,0.081332,
sz.002863,0.081358,
sz.002682,0.081375,
sh.600118,0.081422,
sh.600676,0.081439,
sz.002700,0.081467,
sz.000510,0.081519,
sz.002406,0.081552,
sz.000652,0.081577,
sh.603101,0.081603,
sz.000548,0.081823,
sh.600171,0.081875,
sz.300430,0.081934,
sz.300007,0.081995,
sh.601086,0.082,
sh.600979,0.082024,
sh.603100,0.082054,
sz.002738,0.082096,
sz.002886,0.082127,
sh.600376,0.082169,
sz.002153,0.082237,
sz.300038,0.082243,
sz.300435,0.082254,
sz.000798,0.082267,
sz.000607,0.082318,
sh.600483,0.082319,
sh.600658,0.082331,
sh.600071,0.082415,
sz.000975,0.082447,
sh.600185,0.082611,
sz.002926,0.082698,
sh.600513,0.082763,
sh.600637,0.08278,
sh.600372,0.082783,
sz.000582,0.082789,
sz.300473,0.082913,
sz.300288,0.082951,
sz.002356,0.082998,
sh.600667,0.083013,
sh.603699,0.083093,
sh.600073,0.083102,
sh.600999,0.083217,
sz.002599,0.083223,
sh.603689,0.083251,
sz.300375,0.08328,
sz.002501,0.083306,
sz.300065,0.083313,
sh.603336,0.083371,
sz.300560,0.083428,
sh.601108,0.083467,
sh.600089,0.083487,
sh.600529,0.083496,
sz.001965,0.083609,
sz.002635,0.083642,
sz.002049,0.083705,
sh.603199,0.083711,
sh.600745,0.083766,
sz.000415,0.083789,
sz.000965,0.083798,
sh.600639,0.083871,
sz.000400,0.083884,
sz.002020,0.083908,
sz.000552,0.083981,
sz.002303,0.084005,
sz.300531,0.084024,
sz.002783,0.084036,
sz.000683,0.084045,
sh.603667,0.084063,
sz.002734,0.084252,
sz.002829,0.084398,
sh.603218,0.084441,
sh.600649,0.084464,
sh.603010,0.084599,
sh.600067,0.084639,
sz.000821,0.084688,
sz.002055,0.084704,
sz.000926,0.084741,
sz.002340,0.084742,
sz.300336,0.084745,
sh.603177,0.084814,
sz.002811,0.084852,
sh.603817,0.084864,
sz.000545,0.084889,
sh.601789,0.085117,
sz.002695,0.085158,
sh.600546,0.085265,
sz.002404,0.085272,
sz.300526,0.085294,
sz.300568,0.085409,
sz.002856,0.085474,
sh.600367,0.085495,
sz.000166,0.085574,
sz.300255,0.085649,
sz.300292,0.085683,
sz.300304,0.08572,
sh.600665,0.08604,
sh.600439,0.086057,
sh.603615,0.086121,
sz.300083,0.086123,
sz.300510,0.086179,
sz.300539,0.086231,
sh.600976,0.0863,
sz.300196,0.086337,
sz.300647,0.086389,
sh.603688,0.086454,
sh.603126,0.086528,
sh.600052,0.086572,
sz.300174,0.086601,
sz.002564,0.086634,
sz.002398,0.086654,
sz.300611,0.086687,
sz.002157,0.086722,
sh.600758,0.086723,
sz.300222,0.086781,
sh.600965,0.086782,
sh.600031,0.086788,
sh.600420,0.086855,
sz.002238,0.086899,
sh.600123,0.086906,
sz.002603,0.086986,
sh.603299,0.087,
sz.300242,0.087022,
sz.000959,0.087032,
sh.600461,0.087052,
sz.002551,0.087242,
sz.300160,0.087299,
sz.300587,0.087299,
sz.000035,0.087462,
sh.600120,0.087568,
sz.002830,0.087619,
sz.002809,0.087645,
sh.601336,0.087647,
sz.002781,0.087769,
sz.300629,0.087807,
sz.002412,0.08783,
sh.603139,0.087916,
sz.300199,0.08805,
sz.002921,0.088069,
sh.600160,0.088084,
sz.000151,0.088159,
sz.000883,0.088253,
sz.300295,0.088264,
sz.300686,0.088304,
sh.600226,0.088474,
sh.600713,0.088555,
sh.600859,0.088568,
sh.601211,0.088587,
sz.300027,0.0886,
sz.300692,0.088603,
sh.603238,0.088612,
sh.601101,0.088617,
sz.300061,0.088657,
sz.300343,0.088838,
sz.002370,0.088964,
sz.002119,0.089134,
sz.000609,0.089144,
sz.000889,0.089362,
sz.300087,0.089466,
sz.300665,0.089485,
sz.002724,0.089518,
sz.002451,0.089558,
sh.600523,0.089624,
sh.603916,0.089631,
sz.002619,0.089748,
sh.600258,0.089749,
sz.002101,0.089784,
sh.600337,0.08981,
sz.000985,0.089841,
sz.002283,0.089915,
sz.002716,0.089939,
sz.002237,0.089978,
sh.603168,0.090023,
sz.002430,0.09003,
sz.002367,0.090084,
sz.300581,0.090089,
sh.600797,0.090107,
sh.600986,0.090135,
sz.300259,0.090239,
sz.002332,0.090257,
sz.002807,0.090326,
sz.300340,0.090438,
sh.603955,0.090525,
sz.002105,0.090558,
sz.000739,0.090565,
sh.603323,0.090582,
sh.601965,0.090734,
sh.603041,0.090742,
sh.601188,0.090852,
sz.002033,0.090867,
sh.600480,0.090873,
sz.300183,0.090933,
sh.603050,0.09094,
sz.000799,0.090984,
sz.002063,0.091054,
sz.002736,0.091066,
sh.600090,0.091137,
sz.300563,0.091209,
sz.300031,0.091301,
sz.300138,0.091323,
sz.000685,0.091348,
sh.603778,0.09135,
sz.000983,0.09137,
sh.600422,0.091396,
sz.300387,0.091403,
sz.000829,0.09143,
sz.002322,0.091435,
sh.603758,0.091439,
sh.600327,0.091447,
sh.600748,0.091452,
sz.300651,0.091515,
sz.002080,0.09154,
sh.600366,0.091544,
sh.601882,0.091692,
sz.300511,0.09171,
sz.300229,0.09178,
sz.002788,0.091831,
sz.002820,0.091854,
sz.300570,0.091897,
sh.600020,0.09191,
sh.603385,0.091935,
sz.002186,0.091959,
sz.000967,0.091977,
sz.300107,0.091989,
sz.300494,0.092125,
sh.601878,0.092161,
sh.600761,0.092263,
sh.603017,0.092298,
sh.603588,0.092329,
sz.000888,0.092384,
sz.002598,0.092388,
sh.600549,0.092394,
sh.603887,0.092403,
sz.300187,0.092436,
sh.603725,0.092443,
sh.600335,0.092448,
sz.300440,0.0925,
sh.603067,0.092564,
sz.000725,0.092565,
sz.300631,0.09257,
sz.300098,0.092574,
sz.300114,0.092591,
sh.600163,0.092618,
sz.300348,0.092672,
sh.600531,0.092677,
sh.601558,0.092681,
sh.601933,0.092709,
sh.600363,0.092762,
sz.300253,0.092816,
sz.000687,0.092875,
sh.600710,0.092922,
sz.002345,0.092937,
sh.600735,0.092969,
sh.600687,0.093091,
sz.300654,0.093144,
sz.002312,0.093211,
sh.600738,0.093266,
sh.601199,0.09335,
sz.300522,0.09339,
sh.601111,0.093425,
sz.300248,0.093473,
sh.600039,0.09359,
sz.002360,0.093595,
sz.300477,0.093691,
sz.300360,0.093695,
sz.300576,0.093754,
sz.000090,0.093779,
sh.603223,0.093803,
sz.000756,0.09381,
sz.300043,0.093895,
sz.300417,0.093959,
sh.600565,0.093991,
sz.002045,0.093997,
sh.601588,0.094017,
sz.300505,0.09408,
sh.600611,0.09416,
sz.002087,0.094217,
sh.600594,0.094285,
sh.601311,0.094374,
sz.002118,0.09438,
sz.002407,0.094479,
sh.603655,0.094539,
sz.300645,0.094573,
sz.300427,0.094603,
sz.002795,0.094703,
sh.600064,0.094763,
sh.601137,0.094801,
sz.002104,0.094839,
sz.002444,0.094868,
sz.002358,0.094875,
sz.000928,0.094984,
sz.300615,0.095024,
sh.603078,0.095031,
sh.600995,0.095117,
sh.600845,0.09522,
sh.600736,0.095249,
sh.601766,0.095387,
sz.300437,0.095391,
sh.603966,0.09543,
sh.600981,0.095431,
sz.002787,0.095457,
sz.002906,0.095463,
sz.002532,0.095548,
sz.300133,0.09555,
sz.300586,0.095569,
sh.601611,0.095604,
sz.000623,0.095713,
sz.300443,0.095877,
sh.603993,0.095888,
sh.600692,0.095936,
sz.002456,0.095941,
sh.600977,0.095978,
sz.002865,0.096042,
sz.000598,0.09609,
sz.002609,0.096135,
sz.002800,0.096142,
sz.002455,0.096219,
sz.002497,0.096221,
sz.002418,0.096225,
sz.300721,0.096225,
sh.600110,0.096461,
sh.600884,0.096483,
sz.002185,0.096571,
sz.002712,0.096576,
sz.002812,0.09662,
sz.300675,0.096626,
sz.300322,0.096646,
sz.300500,0.09667,
sz.300444,0.096716,
sh.603580,0.09703,
sz.300698,0.09708,
sh.601928,0.097131,
sh.600530,0.097226,
sh.600843,0.097247,
sz.002401,0.097365,
sz.002643,0.097392,
sz.000021,0.097398,
sz.002741,0.097421,
sh.600562,0.097427,
sh.603313,0.097546,
sh.603678,0.097676,
sh.600998,0.097741,
sz.002839,0.097802,
sh.600978,0.097877,
sz.002357,0.097908,
sz.300001,0.097956,
sz.002224,0.09801,
sz.000667,0.098052,
sh.600917,0.098081,
sh.600498,0.098167,
sz.002766,0.098181,
sh.600820,0.09821,
sz.300468,0.098216,
sz.300655,0.098247,
sh.601200,0.098319,
sz.002681,0.098561,
sh.600559,0.098567,
sh.600661,0.09858,
sh.600308,0.098642,
sz.300075,0.098664,
sh.600723,0.098696,
sh.603803,0.098749,
sz.300432,0.098854,
sz.002888,0.098913,
sz.002864,0.098992,
sh.601866,0.099023,
sz.300678,0.099041,
sz.002762,0.099051,
sh.603601,0.099345,
sh.600755,0.099349,
sz.002531,0.099418,
sz.300716,0.099481,
sh.603108,0.099533,
sz.000617,0.099652,
sh.603520,0.099706,
sh.600054,0.099819,
sz.000751,0.099821,
sz.002516,0.100012,
sz.002843,0.100031,
sh.603066,0.10008,
sz.000042,0.100085,
sz.000719,0.100156,
sh.600328,0.100171,
sz.002384,0.100173,
sh.603937,0.100302,
sh.603987,0.100402,
sz.300509,0.100416,
sh.603286,0.100575,
sz.002872,0.100668,
sh.600926,0.10068,
sz.002890,0.100709,
sh.600007,0.100744,
sh.603906,0.100789,
sz.000656,0.100796,
sz.000062,0.100807,
sz.300326,0.100881,
sh.601566,0.100957,
sh.600499,0.100977,
sh.603996,0.10101,
sz.000017,0.101073,
sz.300566,0.101108,
sz.002751,0.101154,
sz.002482,0.10122,
sz.300591,0.101265,
sz.300267,0.101268,
sh.600764,0.101309,
sz.002098,0.101315,
sz.002857,0.101416,
sz.002902,0.101438,
sh.603477,0.101443,
sz.000012,0.101477,
sz.000100,0.101478,
sz.002006,0.101487,
sh.603321,0.101747,
sz.002726,0.101799,
sz.000708,0.101889,
sh.600285,0.101898,
sz.300536,0.101948,
sh.603019,0.102061,
sh.600497,0.102145,
sh.603939,0.10229,
sz.002138,0.102323,
sz.300172,0.102338,
sz.300097,0.102453,
sz.300527,0.102461,
sh.600350,0.102633,
sz.002411,0.102651,
sz.000601,0.102673,
sz.002774,0.102787,
sh.603398,0.102891,
sh.600874,0.103079,
sh.603909,0.103082,
sz.002062,0.103101,
sh.600170,0.103186,
sz.300166,0.103236,
sh.603599,0.103236,
sh.601628,0.103283,
sz.300495,0.103304,
sh.600622,0.103416,
sz.002862,0.103676,
sh.603787,0.10377,
sz.300664,0.103777,
sh.601100,0.10393,
sz.002183,0.104032,
sh.603258,0.10405,
sz.002182,0.104068,
sz.002567,0.104108,
sz.300503,0.104177,
sz.002152,0.104189,
sz.000411,0.104226,
sh.601000,0.10423,
sz.002850,0.104247,
sh.601633,0.104269,
sz.002826,0.104273,
sz.001872,0.104745,
sz.000022,0.104745,
sh.600299,0.104858,
sh.601669,0.104873,
sz.002877,0.104918,
sz.000402,0.104939,
sh.600988,0.104982,
sz.002191,0.104985,
sh.600097,0.104986,
sh.600149,0.105082,
sz.300389,0.105129,
sz.000776,0.105217,
sh.603035,0.105363,
sz.300251,0.10549,
sh.603978,0.105504,
sz.002421,0.105566,
sh.600757,0.105569,
sh.603716,0.105625,
sh.600742,0.10572,
sz.300702,0.105735,
sh.601949,0.105829,
sh.603768,0.105887,
sz.002365,0.105908,
sh.601828,0.10593,
sz.300676,0.106039,
sh.600704,0.106175,
sz.002557,0.106191,
sh.603200,0.106245,
sh.603608,0.106263,
sh.603598,0.106369,
sz.000900,0.106389,
sz.300455,0.1064,
sz.300502,0.106651,
sz.002611,0.10676,
sh.600675,0.106801,
sz.300013,0.106857,
sh.601985,0.106908,
sh.601518,0.106951,
sh.600138,0.106994,
sh.600737,0.10701,
sz.002861,0.107046,
sh.600303,0.107075,
sh.600823,0.107108,
sz.000818,0.107197,
sh.600657,0.107217,
sh.601607,0.107249,
sh.603991,0.107304,
sh.600628,0.107333,
sh.603131,0.10737,
sz.300710,0.107392,
sz.300391,0.107507,
sh.603856,0.107515,
sh.600697,0.107724,
sz.300091,0.107744,
sh.603111,0.10775,
sh.601328,0.108012,
sz.002568,0.108016,
sz.300233,0.108018,
sh.601688,0.108059,
sh.603903,0.108157,
sz.300598,0.108373,
sh.600208,0.108451,
sh.603030,0.108501,
sh.600548,0.108502,
sz.000662,0.108577,
sz.300108,0.10858,
sz.000826,0.108583,
sz.300266,0.108621,
sh.601366,0.108655,
sh.601390,0.108665,
sh.603630,0.108739,
sz.300017,0.108754,
sh.600491,0.10878,
sz.002373,0.108812,
sh.600390,0.108868,
sh.603636,0.108885,
sh.601601,0.108905,
sz.300367,0.108982,
sh.600392,0.108988,
sz.002765,0.109014,
sz.002171,0.109046,
sh.600886,0.109134,
sz.002756,0.109157,
sz.000676,0.10917,
sh.603823,0.109231,
sh.601998,0.109303,
sz.300523,0.109316,
sz.000001,0.109324,
sh.600996,0.109381,
sz.002649,0.109535,
sz.002694,0.109551,
sz.300297,0.109552,
sz.300635,0.109892,
sz.002107,0.10995,
sh.601139,0.109972,
sz.300693,0.109985,
sh.603042,0.11013,
sz.002126,0.110152,
sz.002434,0.110154,
sh.603738,0.110171,
sz.002502,0.110219,
sz.002728,0.110233,
sz.000426,0.110253,
sz.000876,0.110284,
sh.600908,0.110389,
sh.603399,0.110431,
sh.600769,0.110479,
sh.600329,0.110506,
sh.603860,0.110522,
sh.603611,0.110592,
sz.300201,0.110603,
sz.000155,0.110667,
sh.603008,0.11076,
sh.600252,0.110845,
sh.603920,0.110847,
sz.300697,0.110904,
sh.603718,0.110904,
sz.300501,0.111124,
sz.002206,0.111231,
sz.002842,0.111241,
sh.603665,0.11126,
sz.000780,0.111319,
sh.600035,0.111361,
sz.002314,0.111368,
sh.600466,0.111433,
sz.300530,0.111531,
sz.300493,0.111575,
sh.603888,0.111636,
sz.002273,0.111654,
sh.601599,0.111672,
sz.300338,0.111746,
sh.603922,0.111774,
sh.601899,0.111778,
sz.002653,0.111785,
sz.300230,0.111803,
sz.000524,0.111826,
sh.603316,0.111842,
sz.002846,0.111847,
sh.603320,0.111861,
sh.603976,0.111885,
sh.603586,0.11198,
sz.002824,0.11213,
sz.002233,0.112142,
sz.300717,0.112184,
sz.002771,0.112226,
sz.300643,0.112229,
sz.300227,0.112511,
sh.603535,0.112536,
sh.600720,0.112544,
sh.603879,0.112574,
sz.002553,0.112633,
sh.600105,0.112633,
sz.002561,0.112742,
sh.600557,0.112775,
sz.002281,0.112786,
sz.002034,0.112808,
sz.300316,0.11285,
sh.600022,0.112851,
sh.601811,0.112919,
sz.002496,0.112961,
sh.600293,0.112981,
sz.002148,0.113118,
sz.000637,0.113125,
sz.002563,0.113258,
sz.300388,0.113283,
sh.601001,0.1133,
sz.002022,0.113348,
sz.300371,0.113519,
sz.000796,0.11353,
sz.002686,0.11362,
sh.601818,0.113632,
sh.600195,0.113634,
sh.603855,0.113646,
sh.600804,0.113698,
sh.600332,0.113851,
sz.002893,0.113871,
sz.002247,0.113949,
sz.002047,0.113968,
sz.002790,0.114075,
sz.300054,0.114192,
sh.603116,0.114258,
sz.000603,0.114298,
sz.300182,0.114328,
sz.002503,0.114346,
sz.300403,0.114351,
sz.000587,0.114388,
sz.002447,0.114406,
sh.600126,0.114416,
sh.601186,0.11445,
sz.002879,0.114536,
sz.002889,0.114627,
sh.600479,0.114686,
sz.000838,0.114702,
sz.300036,0.114717,
sh.603536,0.114739,
sz.300447,0.114774,
sh.603058,0.114907,
sh.600348,0.11492,
sz.002376,0.115033,
sz.002897,0.115055,
sz.002172,0.115062,
sz.002139,0.115119,
sh.603648,0.115247,
sz.002885,0.115275,
sz.002707,0.115288,
sz.300118,0.115307,
sh.603159,0.115689,
sz.002836,0.115715,
sh.600081,0.115967,
sz.300545,0.116048,
sz.002368,0.116059,
sh.603829,0.116083,
sh.603567,0.116128,
sh.601098,0.116205,
sz.300669,0.116327,
sh.603167,0.116365,
sz.300641,0.116596,
sz.002223,0.11665,
sh.601229,0.116676,
sh.600743,0.116691,
sh.603311,0.116768,
sh.603813,0.116815,
sz.002838,0.116844,
sz.000078,0.116976,
sz.002851,0.117089,
sh.603076,0.117203,
sh.603661,0.117258,
sz.002544,0.117343,
sh.600368,0.117363,
sz.300044,0.117453,
sh.603110,0.117463,
sz.300184,0.117564,
sz.002919,0.117613,
sh.603355,0.117624,
sz.002014,0.117722,
sz.300592,0.117745,
sh.600068,0.117746,
sh.603303,0.117787,
sz.002908,0.117827,
sz.300720,0.117868,
sh.603328,0.117912,
sz.002922,0.117964,
sz.002652,0.117975,
sh.603196,0.118045,
sz.300451,0.118174,
sz.000898,0.11818,
sh.601169,0.118203,
sz.002124,0.118235,
sz.002317,0.118314,
sh.603519,0.118332,
sh.603959,0.118347,
sh.603488,0.118354,
sz.000761,0.118391,
sz.300699,0.118458,
sz.000028,0.118542,
sh.601988,0.118587,
sh.603806,0.118617,
sz.300246,0.118653,
sz.002449,0.118661,
sz.000726,0.118732,
sz.002875,0.118978,
sh.601368,0.119,
sz.000529,0.119071,
sz.002658,0.119089,
sh.600062,0.119156,
sh.603358,0.11925,
sz.300452,0.119256,
sh.600597,0.119258,
sz.300039,0.119281,
sz.300241,0.119285,
sz.300712,0.119351,
sz.300559,0.11938,
sz.000681,0.119451,
sz.000505,0.119647,
sz.002479,0.119696,
sz.002840,0.119713,
sh.603499,0.119881,
sz.000980,0.119899,
sz.002718,0.119974,
sz.002899,0.120062,
sz.002745,0.120118,
sh.603368,0.120142,
sh.603079,0.120143,
sz.002088,0.120152,
sz.002064,0.120174,
sh.600577,0.120197,
sz.300416,0.120364,
sz.300445,0.120413,
sh.601666,0.120468,
sz.000869,0.120558,
sz.300016,0.120569,
sz.000060,0.120662,
sh.601800,0.120731,
sh.603026,0.120833,
sh.603378,0.12085,
sh.600012,0.12087,
sh.603663,0.120889,
sh.601799,0.120949,
sh.603086,0.12103,
sh.600522,0.121033,
sz.300525,0.121052,
sz.300311,0.121313,
sh.603880,0.121313,
sh.600693,0.121457,
sz.300487,0.121471,
sh.603080,0.121503,
sh.603889,0.121545,
sz.002511,0.121619,
sz.300441,0.121624,
sh.603331,0.121732,
sz.300349,0.121823,
sz.300037,0.121846,
sz.002866,0.12189,
sz.002448,0.121985,
sz.002394,0.122023,
sh.603367,0.122036,
sz.002158,0.12204,
sz.300683,0.122053,
sz.300507,0.122218,
sh.600990,0.12229,
sh.603507,0.122302,
sh.600705,0.122355,
sh.603098,0.122367,
sh.603396,0.122399,
sz.300561,0.122469,
sz.300409,0.122469,
sh.600897,0.122517,
sh.603518,0.122518,
sh.600919,0.122543,
sz.300575,0.122584,
sh.600694,0.122617,
sz.300729,0.122685,
sz.002121,0.122814,
sz.002048,0.122863,
sz.300532,0.122929,
sz.000066,0.12304,
sz.300448,0.123138,
sh.603063,0.123163,
sz.300137,0.12331,
sh.603990,0.123344,
sz.002869,0.123393,
sh.600643,0.123404,
sz.002909,0.123419,
sh.600580,0.123495,
sz.002419,0.123654,
sh.600261,0.123663,
sh.603038,0.123738,
sh.600015,0.123776,
sz.002876,0.123824,
sh.600004,0.123834,
sh.603968,0.123884,
sz.002870,0.123892,
sz.002217,0.123915,
sh.603289,0.12393,
sh.603339,0.12395,
sh.601567,0.123957,
sh.600114,0.123987,
sz.002454,0.124,
sz.002536,0.124222,
sz.300373,0.124276,
sh.601128,0.124427,
sh.603928,0.124456,
sz.300410,0.124509,
sz.000732,0.124571,
sz.002042,0.124612,
sh.603712,0.12478,
sh.600753,0.12478,
sh.603602,0.124828,
sz.300488,0.124844,
sh.601801,0.125019,
sh.600596,0.125092,
sz.002802,0.125116,
sz.002044,0.125148,
sh.600373,0.125159,
sz.000902,0.12516,
sz.300429,0.125162,
sz.300341,0.125259,
sh.601966,0.12543,
sh.603985,0.125519,
sh.600085,0.125529,
sh.600729,0.125555,
sz.000811,0.125666,
sh.603023,0.125706,
sh.600094,0.125781,
sz.002462,0.125893,
sh.600419,0.125896,
sz.300249,0.125911,
sz.002083,0.126038,
sh.600686,0.126097,
sz.000546,0.1261,
sz.002244,0.126429,
sh.600115,0.12667,
sz.000058,0.126711,
sz.300543,0.126718,
sh.603266,0.126728,
sz.002913,0.127065,
sh.600093,0.127069,
sh.603556,0.127083,
sz.300621,0.127104,
sh.603858,0.127228,
sh.600718,0.127277,
sz.300474,0.127277,
sz.002509,0.127434,
sz.000671,0.127467,
sz.002614,0.127481,
sh.600029,0.127491,
sz.300485,0.127574,
sz.002617,0.127632,
sh.601595,0.127664,
sz.002705,0.127749,
sz.300605,0.127833,
sz.300204,0.127945,
sz.300470,0.127977,
sz.300608,0.127978,
sh.603717,0.128204,
sz.300401,0.128211,
sh.600846,0.128248,
sh.600371,0.128364,
sh.600528,0.128421,
sz.002279,0.128486,
sz.002849,0.128529,
sh.600323,0.128533,
sz.300639,0.128558,
sh.603722,0.128605,
sh.603106,0.128873,
sz.000976,0.128953,
sh.603089,0.12902,
sh.603505,0.129067,
sz.002915,0.129146,
sh.600671,0.129147,
sh.600873,0.129187,
sh.603708,0.129228,
sh.603006,0.129425,
sz.002587,0.129586,
sz.300188,0.129604,
sz.300558,0.129632,
sz.002706,0.129647,
sz.300168,0.129861,
sz.002090,0.129864,
sz.002385,0.129983,
sh.603980,0.13004,
sh.600162,0.130126,
sh.600803,0.130149,
sh.600210,0.130199,
sh.600325,0.130296,
sz.002858,0.130335,
sz.002701,0.130414,
sh.603669,0.130437,
sz.002335,0.13057,
sz.002038,0.130664,
sz.300382,0.13067,
sh.600326,0.130746,
sh.600771,0.130756,
sz.300632,0.130796,
sh.600225,0.13081,
sh.603926,0.130962,
sz.000631,0.131041,
sz.300546,0.131084,
sh.603229,0.131178,
sz.002757,0.131315,
sh.600075,0.131343,
sh.600684,0.131407,
sz.002763,0.131437,
sh.600196,0.131511,
sh.600598,0.13154,
sh.603963,0.131633,
sz.002711,0.131676,
sh.600475,0.131723,
sz.300689,0.1318,
sh.600673,0.131844,
sh.600297,0.13189,
sz.002608,0.131934,
sz.300719,0.131945,
sz.000650,0.132014,
sh.600593,0.132048,
sh.600280,0.13211,
sh.600116,0.132153,
sh.603809,0.132202,
sz.002832,0.132206,
sz.000008,0.132206,
sz.300617,0.132434,
sz.002742,0.132587,
sh.603917,0.132695,
sz.002195,0.132789,
sz.300178,0.132859,
sz.300433,0.133218,
sz.002334,0.133414,
sz.000998,0.133414,
sh.600844,0.133757,
sz.300670,0.133767,
sz.002018,0.133904,
sz.002732,0.134068,
sz.300706,0.134071,
sh.603359,0.134102,
sh.600518,0.13413,
sh.600019,0.1342,
sz.300088,0.13426,
sh.600787,0.134327,
sz.000540,0.134367,
sh.603882,0.134519,
sz.002837,0.134594,
sh.603728,0.134704,
sz.002672,0.134904,
sh.603278,0.134928,
sh.603679,0.135246,
sh.600970,0.135537,
sz.300512,0.135548,
sz.000981,0.135565,
sh.603183,0.135572,
sz.002408,0.135588,
sz.300115,0.135602,
sz.002056,0.135612,
sz.300711,0.135614,
sz.002801,0.135643,
sz.300197,0.135691,
sz.300585,0.135694,
sz.300727,0.13589,
sh.603500,0.135927,
sz.300422,0.135968,
sz.300476,0.135974,
sh.603896,0.13604,
sz.300323,0.136048,
sz.000620,0.136049,
sz.300548,0.136084,
sz.300156,0.136224,
sz.300285,0.136324,
sz.300145,0.136424,
sh.601919,0.136536,
sz.002727,0.136573,
sz.002748,0.136683,
sh.600502,0.136713,
sh.600000,0.136782,
sh.600415,0.136834,
sz.002354,0.136898,
sz.300439,0.136965,
sz.002900,0.137016,
sz.000525,0.137187,
sz.000517,0.13724,
sz.002589,0.137344,
sh.603825,0.137358,
sh.603929,0.137384,
sz.002739,0.137431,
sz.002025,0.13757,
sz.002346,0.137604,
sz.002074,0.137761,
sz.300284,0.137873,
sh.603501,0.137948,
sh.600521,0.137981,
sh.600016,0.13807,
sz.300656,0.138162,
sh.601388,0.138335,
sz.300271,0.138572,
sh.600682,0.138603,
sz.002092,0.138614,
sz.002668,0.138681,
sh.603157,0.138811,
sz.300309,0.138869,
sz.300636,0.139012,
sh.600668,0.139036,
sz.300132,0.139066,
sz.002543,0.139211,
sz.002871,0.139259,
sh.600395,0.139359,
sz.300705,0.139422,
sz.300221,0.139435,
sh.603377,0.13946,
sh.603158,0.139607,
sh.601398,0.13963,
sh.600188,0.139655,
sh.601858,0.139717,
sz.002145,0.13975,
sz.002475,0.139772,
sh.600279,0.140021,
sh.600426,0.14006,
sz.300599,0.140093,
sz.002440,0.14025,
sz.000920,0.140289,
sh.603188,0.140295,
sh.601288,0.140612,
sh.603329,0.140792,
sh.600400,0.140851,
sh.603416,0.140976,
sz.000930,0.141058,
sz.000999,0.141077,
sh.601006,0.141093,
sh.601699,0.141107,
sz.002664,0.141159,
sz.002615,0.141183,
sh.603690,0.141215,
sz.300691,0.141302,
sh.600083,0.141304,
sh.603393,0.141397,
sz.300682,0.141408,
sz.300395,0.141408,
sz.300649,0.14144,
sh.603839,0.141695,
sz.000703,0.14172,
sh.603701,0.14173,
sh.600572,0.141748,
sh.603298,0.141806,
sh.600711,0.141967,
sz.300394,0.142062,
sh.600683,0.142078,
sh.603668,0.142343,
sz.002823,0.142523,
sz.002827,0.142556,
sz.002091,0.142691,
sz.300602,0.142766,
sz.000070,0.142768,
sz.002039,0.142873,
sz.300170,0.14312,
sz.300580,0.143187,
sz.002202,0.1432,
sh.603900,0.14349,
sh.601952,0.143687,
sz.300396,0.14377,
sh.603533,0.144007,
sh.603656,0.144149,
sh.601939,0.144365,
sh.600835,0.144447,
sh.601900,0.144534,
sh.603826,0.144537,
sh.603527,0.144558,
sh.603383,0.144585,
sh.601233,0.144587,
sh.600381,0.144594,
sz.002891,0.144801,
sz.002100,0.145024,
sz.000892,0.145076,
sh.600180,0.145107,
sh.603726,0.14522,
sz.300393,0.145223,
sh.600856,0.14527,
sz.000723,0.145507,
sz.300347,0.145757,
sz.002581,0.145817,
sh.603919,0.14584,
sz.300589,0.145879,
sz.000065,0.14597,
sh.601216,0.146041,
sh.603721,0.146072,
sh.600732,0.146075,
sh.600850,0.146096,
sz.002847,0.146124,
sz.002917,0.146273,
sz.002709,0.146325,
sh.603960,0.146423,
sh.603018,0.14667,
sz.002873,0.146712,
sz.000718,0.146725,
sh.601088,0.146738,
sz.300610,0.14684,
sz.300657,0.146936,
sh.600629,0.147078,
sh.603609,0.147276,
sz.002450,0.147314,
sh.603060,0.147385,
sz.002382,0.14742,
sh.603027,0.147496,
sh.600153,0.147566,
sh.600076,0.147679,
sh.603798,0.147694,
sz.002898,0.147764,
sz.300342,0.148009,
sz.002852,0.148094,
sz.300650,0.148226,
sz.300572,0.148366,
sh.603386,0.148506,
sh.600229,0.148572,
sz.002493,0.148626,
sz.002203,0.14865,
sz.002896,0.148711,
sz.000553,0.148763,
sz.000952,0.148892,
sh.603677,0.14891,
sh.603421,0.148956,
sz.002293,0.148981,
sh.601166,0.149148,
sz.002221,0.149192,
sz.002402,0.149192,
sz.002534,0.149275,
sz.300722,0.149296,
sz.300286,0.149324,
sz.300070,0.149396,
sz.300622,0.149449,
sh.601009,0.14959,
sz.300696,0.149597,
sh.601158,0.149834,
sz.300666,0.149842,
sh.601689,0.149997,
sz.300626,0.149997,
sh.603345,0.15006,
sz.300003,0.150298,
sz.000046,0.150612,
sz.002737,0.150614,
sz.000488,0.150781,
sz.000031,0.15098,
sh.600750,0.151081,
sz.002464,0.151298,
sh.603129,0.151316,
sz.002057,0.151389,
sz.002270,0.151396,
sz.000541,0.151554,
sz.002887,0.151613,
sh.603766,0.151801,
sh.600674,0.151836,
sh.600352,0.151927,
sh.600606,0.15215,
sz.000030,0.152231,
sh.603181,0.152291,
sz.000006,0.152396,
sz.002680,0.152598,
sh.600872,0.152612,
sz.300619,0.152715,
sz.300203,0.152715,
sh.603226,0.15272,
sz.002117,0.152828,
sz.300671,0.152988,
sz.300481,0.153025,
sz.300600,0.153535,
sz.002912,0.153584,
sz.002905,0.153858,
sh.603178,0.153898,
sz.000498,0.154,
sh.603676,0.154216,
sh.603578,0.154366,
sh.601678,0.154451,
sz.000410,0.154597,
sz.002001,0.154809,
sh.603388,0.154848,
sz.300637,0.154852,
sh.600993,0.154897,
sh.600113,0.154989,
sh.603883,0.155107,
sh.600525,0.15511,
sz.002396,0.155253,
sh.600009,0.155323,
sh.603600,0.155412,
sz.300144,0.155464,
sh.603686,0.155897,
sh.600829,0.155958,
sz.002881,0.15606,
sz.300604,0.156249,
sz.002410,0.156276,
sz.300219,0.156405,
sz.300735,0.156418,
sh.600853,0.15646,
sz.000789,0.156526,
sz.000625,0.156566,
sh.603908,0.156589,
sh.600486,0.156629,
sz.300146,0.156685,
sz.300703,0.156854,
sz.300428,0.156914,
sh.600377,0.156915,
sh.603585,0.156981,
sz.300606,0.157225,
sz.000063,0.157393,
sh.603811,0.157407,
sz.300244,0.157485,
sz.300519,0.157708,
sz.300463,0.157725,
sh.600781,0.157787,
sz.300294,0.157812,
sz.002003,0.158178,
sh.603136,0.158356,
sz.300122,0.158378,
sz.002491,0.158409,
sh.603808,0.158729,
sz.300274,0.158874,
sh.600036,0.158969,
sz.000661,0.159014,
sh.603617,0.159125,
sz.002085,0.159208,
sh.600746,0.159241,
sh.600048,0.159259,
sz.002853,0.159473,
sz.002793,0.159518,
sh.601021,0.159821,
sh.603326,0.159897,
sz.300730,0.159995,
sh.600271,0.160087,
sh.603970,0.160119,
sh.600240,0.160125,
sz.000887,0.16034,
sz.300258,0.160395,
sz.002558,0.160441,
sz.300014,0.160504,
sz.300718,0.160542,
sh.600217,0.160717,
sz.300320,0.160742,
sh.600438,0.160852,
sz.300737,0.161191,
sh.603232,0.161256,
sz.300652,0.161279,
sh.603186,0.161322,
sz.002892,0.161404,
sh.603989,0.16142,
sh.603306,0.161437,
sz.000059,0.161678,
sz.300549,0.161688,
sz.002818,0.16172,
sz.300662,0.16195,
sz.300660,0.161985,
sz.002717,0.162202,
sh.603496,0.162243,
sz.002116,0.162249,
sz.300609,0.162414,
sh.601231,0.162548,
sh.601668,0.162577,
sz.002245,0.162664,
sh.603885,0.162869,
sz.002036,0.163163,
sz.002424,0.163361,
sz.002427,0.163402,
sz.300579,0.163486,
sz.300578,0.163574,
sz.000890,0.163741,
sh.600638,0.164128,
sz.000639,0.16425,
sh.603557,0.164397,
sz.300667,0.164603,
sz.000828,0.164879,
sh.600892,0.164918,
sz.000659,0.164927,
sh.600104,0.164936,
sh.600741,0.165127,
sh.603818,0.165249,
sz.300584,0.165283,
sh.603607,0.16532,
sz.002640,0.165554,
sh.603198,0.165593,
sh.600233,0.165594,
sh.600535,0.165665,
sz.002573,0.165814,
sz.002602,0.16593,
sz.002241,0.166219,
sz.002287,0.166604,
sh.600305,0.166625,
sz.300127,0.1667,
sz.300715,0.166726,
sh.601838,0.166803,
sz.000989,0.166858,
sz.300690,0.167019,
sz.000666,0.167193,
sz.300623,0.167618,
sh.603711,0.1678,
sh.603737,0.16792,
sz.300418,0.168384,
sz.300365,0.168558,
sz.002439,0.168596,
sh.603363,0.168726,
sh.601127,0.169052,
sh.600900,0.169091,
sz.000615,0.169221,
sh.600389,0.169361,
sz.300648,0.169462,
sz.300438,0.169662,
sh.600388,0.169858,
sh.600211,0.169867,
sz.300508,0.16994,
sh.600660,0.170044,
sh.600703,0.170096,
sz.002327,0.170103,
sh.601877,0.17022,
sz.002803,0.170428,
sz.000951,0.170535,
sz.300688,0.170752,
sh.603319,0.170773,
sz.300625,0.170779,
sz.002911,0.170984,
sz.300073,0.171091,
sh.600987,0.171521,
sz.300659,0.171556,
sz.300638,0.171633,
sh.603877,0.171711,
sz.300426,0.17174,
sz.300232,0.171991,
sz.300673,0.172157,
sh.600570,0.172167,
sh.603338,0.172213,
sz.002690,0.172442,
sh.600197,0.172763,
sz.002128,0.17285,
sh.600933,0.173165,
sz.002215,0.173337,
sh.600270,0.173355,
sz.300653,0.173389,
sz.002262,0.173543,
sz.000755,0.173688,
sh.600901,0.17369,
sz.300400,0.173821,
sz.002142,0.173863,
sh.603161,0.174196,
sh.603788,0.174215,
sz.300547,0.174324,
sz.300613,0.174335,
sz.000520,0.17435,
sh.601636,0.174418,
sz.000429,0.174436,
sz.000915,0.174749,
sh.603360,0.174919,
sz.002903,0.174963,
sh.600383,0.175016,
sh.600173,0.175081,
sh.600053,0.175131,
sh.603881,0.175306,
sz.002518,0.17543,
sz.300679,0.175547,
sh.600079,0.175575,
sh.600971,0.175597,
sz.002882,0.175682,
sh.603365,0.175907,
sz.002147,0.176336,
sz.300713,0.176867,
sh.600767,0.177139,
sh.600018,0.177196,
sh.600550,0.177359,
sh.600056,0.177414,
sz.300733,0.177469,
sz.002868,0.177711,
sh.603886,0.177939,
sz.300620,0.177952,
sh.601515,0.178019,
sz.300376,0.178193,
sz.002648,0.178249,
sh.603466,0.178272,
sz.300640,0.178297,
sz.002775,0.178599,
sz.002067,0.178811,
sz.002081,0.178828,
sh.600236,0.17894,
sz.002821,0.179062,
sh.603277,0.179263,
sz.002352,0.179374,
sz.000997,0.179725,
sh.603997,0.180125,
sh.603685,0.180318,
sz.300658,0.180451,
sz.000069,0.180508,
sz.300327,0.180935,
sz.002880,0.181037,
sh.603369,0.18141,
sz.300725,0.181429,
sh.603239,0.181849,
sh.603890,0.181979,
sz.002595,0.182031,
sh.601020,0.182098,
sz.002258,0.182223,
sh.600621,0.18229,
sz.300231,0.182488,
sz.300677,0.182506,
sh.600345,0.18269,
sz.002275,0.182854,
sz.300009,0.182915,
sh.603603,0.182926,
sh.603912,0.183009,
sz.300661,0.183348,
sz.300335,0.183392,
sz.002179,0.183479,
sh.600176,0.183631,
sz.300726,0.183634,
sh.603197,0.183653,
sz.002883,0.183764,
sz.002860,0.183993,
sz.002713,0.184135,
sz.002068,0.18446,
sz.002007,0.184774,
sz.000581,0.185235,
sz.300681,0.185343,
sh.600273,0.185574,
sz.300709,0.185645,
sz.300015,0.185693,
sz.300684,0.185701,
sz.002108,0.185775,
sz.300708,0.186045,
sz.000538,0.186296,
sz.300596,0.186338,
sh.603707,0.186655,
sh.600760,0.186679,
sh.600885,0.186695,
sh.603127,0.187078,
sz.300406,0.187215,
sz.002050,0.187294,
sz.000825,0.187326,
sh.603007,0.187505,
sz.000559,0.187561,
sz.000501,0.187633,
sz.300113,0.187644,
sh.603938,0.18803,
sz.002777,0.188129,
sh.603626,0.188137,
sh.600966,0.188449,
sz.002222,0.188789,
sz.002916,0.188822,
sh.600809,0.188891,
sz.002878,0.188927,
sz.002094,0.188959,
sh.600808,0.189141,
sz.300731,0.189169,
sz.002907,0.18959,
sh.600801,0.189785,
sh.601888,0.190051,
sh.603081,0.190333,
sz.000596,0.190596,
sh.601238,0.190616,
sz.300208,0.190913,
sh.600585,0.191003,
sh.603208,0.191135,
sz.300630,0.191356,
sz.002815,0.19167,
sz.000813,0.192121,
sz.002051,0.192381,
sh.600167,0.192387,
sh.600260,0.19241,
sz.000858,0.192683,
sh.603356,0.19288,
sz.000018,0.193459,
sz.300298,0.193613,
sh.600563,0.193766,
sh.603037,0.193852,
sz.002174,0.193975,
sh.600183,0.194248,
sz.000408,0.194411,
sh.603203,0.194773,
sz.300484,0.194904,
sh.600511,0.195074,
sz.000568,0.195248,
sh.603056,0.195319,
sz.300695,0.195829,
sz.001979,0.195841,
sh.603039,0.195978,
sz.300687,0.196072,
sz.002242,0.196313,
sz.300446,0.196531,
sz.300685,0.196563,
sz.300408,0.196782,
sh.603866,0.196926,
sh.600615,0.19712,
sh.603569,0.197399,
sz.300701,0.197581,
sh.600867,0.197602,
sh.601997,0.197632,
sh.601019,0.197906,
sh.603801,0.198004,
sz.002624,0.198269,
sz.002601,0.198395,
sh.603605,0.198866,
sz.300736,0.198922,
sz.002562,0.19905,
sz.002311,0.199142,
sh.603055,0.199144,
sz.300590,0.199545,
sz.002773,0.199803,
sz.300514,0.200122,
sh.603283,0.200375,
sz.002918,0.200498,
sz.002831,0.201032,
sh.603515,0.201332,
sh.600291,0.202261,
sh.600708,0.202662,
sh.600179,0.202876,
sz.002927,0.203027,
sz.000338,0.203301,
sz.002626,0.203938,
sz.002845,0.204292,
sz.300707,0.20435,
sz.002923,0.204396,
sh.600121,0.20444,
sz.002343,0.205165,
sz.000786,0.205692,
sz.000910,0.206092,
sh.603337,0.206454,
sz.002859,0.206788,
sh.603638,0.207571,
sh.603138,0.207607,
sz.002043,0.207842,
sh.600231,0.207905,
sh.601318,0.207955,
sh.603619,0.208032,
sz.000848,0.208123,
sh.603933,0.208281,
sh.603380,0.208427,
sz.300237,0.208546,
sz.000830,0.208604,
sz.300124,0.209039,
sz.002002,0.209056,
sz.300497,0.20976,
sz.300207,0.20984,
sz.000688,0.210374,
sz.002884,0.210945,
sz.002749,0.211512,
sh.600436,0.211554,
sh.600201,0.2117,
sz.002271,0.211962,
sz.300732,0.212103,
sh.603096,0.212217,
sz.002310,0.21248,
sh.600612,0.212993,
sz.300567,0.213487,
sz.300633,0.213569,
sz.300498,0.214058,
sz.300642,0.214122,
sh.603660,0.214595,
sh.600567,0.214947,
sh.603228,0.21497,
sh.600066,0.215188,
sz.000968,0.215936,
sh.603898,0.216325,
sz.002285,0.216887,
sz.002572,0.216937,
sz.002166,0.217153,
sh.600393,0.217464,
sz.300723,0.217593,
sh.600779,0.220006,
sz.300616,0.220072,
sh.600051,0.220728,
sz.002768,0.220856,
sz.300529,0.220892,
sh.603816,0.221175,
sz.002078,0.221372,
sz.002753,0.221418,
sh.600409,0.222636,
sh.603357,0.222705,
sz.000629,0.223341,
sh.600452,0.223534,
sh.600663,0.223751,
sz.300612,0.224355,
sh.603113,0.224372,
sz.000423,0.224611,
sz.002146,0.225137,
sz.300482,0.225145,
sh.603103,0.226027,
sh.600828,0.226934,
sz.000963,0.227097,
sz.000002,0.227952,
sz.000790,0.228173,
sz.002071,0.228425,
sh.600406,0.229579,
sz.002075,0.230098,
sz.000418,0.231206,
sh.600633,0.231328,
sh.603025,0.231363,
sz.300603,0.231388,
sh.600688,0.231729,
sh.600276,0.231782,
sh.603233,0.233386,
sz.000011,0.233664,
sz.002127,0.234567,
sz.300457,0.234698,
sz.000049,0.234739,
sz.300588,0.235997,
sh.600690,0.236455,
sz.002507,0.237035,
sz.300033,0.237051,
sz.002867,0.237131,
sh.600250,0.237277,
sz.300601,0.237766,
sh.603579,0.237805,
sh.603895,0.237842,
sh.603458,0.237889,
sz.002600,0.238342,
sz.002304,0.238525,
sh.600298,0.238773,
sh.603589,0.238835,
sz.300627,0.238945,
sh.600763,0.239279,
sh.603568,0.240012,
sz.300296,0.240181,
sh.603899,0.240902,
sz.000034,0.241046,
sz.300739,0.241068,
sz.300668,0.24206,
sh.603848,0.242301,
sh.603040,0.243839,
sz.002468,0.244017,
sh.600816,0.245286,
sz.002920,0.246484,
sz.300554,0.24711,
sz.002677,0.248178,
sh.603517,0.248561,
sh.600887,0.249076,
sh.603639,0.250126,
sz.300607,0.250518,
sh.603730,0.253192,
sz.002236,0.254362,
sz.002294,0.254421,
sz.300357,0.255491,
sz.000333,0.256312,
sh.603043,0.257018,
sz.002714,0.25715,
sh.603179,0.258566,
sz.002035,0.259816,
sh.600487,0.260418,
sz.300577,0.260935,
sz.002019,0.261202,
sh.603387,0.261517,
sh.603659,0.261775,
sh.603986,0.261887,
sz.300506,0.261928,
sz.300355,0.262896,
sh.600346,0.264208,
sh.601225,0.265916,
sh.603305,0.266814,
sz.300624,0.267393,
sh.600815,0.26762,
sz.002032,0.268558,
sz.300738,0.2687,
sh.603658,0.269647,
sh.603429,0.269746,
sz.300121,0.269864,
sz.300595,0.270243,
sz.002008,0.271007,
sz.002636,0.271831,
sh.600132,0.275285,
sz.000822,0.275315,
sz.002372,0.276278,
sz.002136,0.279759,
sz.002555,0.280853,
sh.600340,0.281184,
sh.600213,0.28169,
sz.000710,0.282011,
sh.600569,0.283597,
sh.600782,0.283757,
sh.600681,0.283976,
sh.603160,0.285173,
sz.000567,0.285267,
sz.000950,0.285288,
sz.002833,0.285431,
sh.603833,0.28549,
sh.603506,0.287864,
sh.603444,0.288383,
sz.300415,0.288425,
sz.300450,0.288476,
sh.603612,0.28953,
sz.300700,0.289742,
sh.603757,0.290757,
sh.603180,0.292029,
sh.601012,0.293523,
sz.000885,0.294506,
sz.002143,0.296021,
sz.000509,0.297502,
sz.000895,0.299745,
sz.000803,0.300763,
sz.300029,0.302043,
sh.600477,0.303292,
sh.600961,0.303435,
sh.600566,0.303621,
sz.000835,0.304989,
sz.000779,0.306627,
sh.603225,0.309579,
sz.002508,0.311249,
sz.300504,0.313673,
sh.600398,0.313729,
sz.002466,0.314039,
sz.002061,0.314995,
sz.000048,0.318101,
sz.300628,0.321207,
sh.603288,0.324475,
sz.002180,0.325178,
sh.600545,0.326044,
sz.002901,0.328183,
sh.600133,0.328474,
sh.600519,0.329542,
sz.300571,0.330158,
sh.600641,0.331987,
sh.601519,0.332254,
sh.603680,0.332555,
sh.600380,0.334122,
sz.300072,0.336869,
sh.601155,0.339874,
sh.603516,0.341166,
sz.002415,0.344425,
sz.000036,0.344967,
sz.002597,0.345801,
sh.603156,0.347074,
sz.000736,0.347379,
sh.600282,0.34904,
sz.000921,0.353146,
sh.603595,0.353407,
sz.002120,0.355369,
sz.002323,0.357033,
sz.000537,0.36329,
sh.603799,0.365432,
sz.002841,0.368298,
sz.000785,0.3749,
sz.000651,0.375051,
sh.603260,0.376462,
sh.603868,0.37793,
sz.300136,0.379722,
sh.601360,0.380201,
sz.000820,0.384168,
sz.002517,0.391955,
sh.600444,0.392414,
sh.600618,0.408466,
sz.000055,0.408482,
sz.000526,0.411072,
sh.600581,0.421781,
sz.000672,0.426732,
sz.002016,0.428089,
sz.002110,0.435822,
sh.603871,0.43823,
sz.002366,0.446841,
sh.601003,0.447212,
sz.002460,0.450258,
sh.600161,0.450839,
sh.600516,0.465991,
sh.603776,0.47356,
sz.000918,0.488572,
sz.000932,0.496882,
sz.000513,0.512617,
sh.600309,0.528955,
sh.603165,0.546058,
sh.603709,0.550683,
sz.300176,0.562907,
sh.600609,0.581264,
sh.600230,0.603526,
sz.300618,0.604238,
sz.002027,0.653983,
sh.600228,0.674927,
sh.600507,0.67531,
sh.600768,0.708567,
sh.600338,0.742008,
sh.600306,0.762058,
sz.002925,0.784747,
sz.000016,0.928267,
sh.600793,0.92956,
sh.600319,1.331663,
sz.000717,1.466924,
sh.600678,1.882984,
sh.600608,2.730016,
sh.600423,8.715032,
